[
    {
        "pk": 6,
        "model": "auth.user",
        "fields": {
            "username": "games",
            "first_name": "Test",
            "last_name": "Games",
            "is_active": true,
            "is_superuser": false,
            "is_staff": false,
            "last_login": "2011-11-07 09:59:52",
            "groups": [],
            "user_permissions": [],
            "password": "sha512$7a498436063c22a4190d$361de063a726e53f103e27890e7c1cecd84ca6bdefcfc175e7d06213b359215b7233a34301ec5078cefbe2e9090f1000fe31dbb68cc626675628fcbd440b369e",
            "email": "games@sd.com",
            "date_joined": "2011-11-07 09:40:15"
        }
    },
    {
        "pk": 5,
        "model": "auth.user",
        "fields": {
            "username": "music",
            "first_name": "Test",
            "last_name": "Music",
            "is_active": true,
            "is_superuser": false,
            "is_staff": false,
            "last_login": "2011-11-07 09:58:47",
            "groups": [],
            "user_permissions": [],
            "password": "sha512$d60acb92c5ec070ebc40$80add039da45188638525ca997872c0e1dd2fbbcb8a2e3cfa9f22b5a1605f68827d70757e03ab2deef94ca64d14ab34d6626222146ec0a17c8fae795964e183c",
            "email": "music@sd.com",
            "date_joined": "2011-11-07 09:40:15"
        }
    },
    {
        "pk": 15,
        "model": "auth.user",
        "fields": {
            "username": "toys",
            "first_name": "Test",
            "last_name": "Toys",
            "is_active": true,
            "is_superuser": false,
            "is_staff": false,
            "last_login": "2011-11-08 10:18:22",
            "groups": [],
            "user_permissions": [],
            "password": "sha512$28948666c82886ef92ec$d2312524cff344851dbec974f4a78f9135c0dbe80019d8e5e346d8b7d49d4d5cadd4b64b835cbeb692e06598183a18e80ebc336b02adaee7d1af9f8af48d2395",
            "email": "toys@sd.com",
            "date_joined": "2011-11-08 10:18:22"
        }
    },
    {
        "pk": 12,
        "model": "auth.user",
        "fields": {
            "username": "automotive",
            "first_name": "Test",
            "last_name": "Automotive",
            "is_active": true,
            "is_superuser": false,
            "is_staff": false,
            "last_login": "2011-11-07 10:39:50",
            "groups": [],
            "user_permissions": [],
            "password": "sha512$d6ac0c9ac19b025c568a$20c2e78c14be53c7445c77c5630898daa89ba829920e78348dfb435bd3c375982b5c2cbfcbedab2492a7478f72aa01bf07ccf962c881b39463c62c37cfaed043",
            "email": "automotive@sd.com",
            "date_joined": "2011-11-07 10:22:18"
        }
    },
    {
        "pk": 4,
        "model": "auth.user",
        "fields": {
            "username": "movies",
            "first_name": "Test",
            "last_name": "Movies",
            "is_active": true,
            "is_superuser": false,
            "is_staff": false,
            "last_login": "2011-11-07 09:58:25",
            "groups": [],
            "user_permissions": [],
            "password": "sha512$22c1a02f67f5ee6f7525$161a2444ccdd6a013648da59e7bff2a802a1d24e321029baecf8d8228f738cb0778efd20e89e19cd795265766055ee3ff7ab4956f9ec2b5c71745c1e1a11010d",
            "email": "movies@sd.com",
            "date_joined": "2011-11-07 09:40:14"
        }
    },
    {
        "pk": 7,
        "model": "auth.user",
        "fields": {
            "username": "electronics",
            "first_name": "Test",
            "last_name": "Electronics",
            "is_active": true,
            "is_superuser": false,
            "is_staff": false,
            "last_login": "2011-11-07 10:00:24",
            "groups": [],
            "user_permissions": [],
            "password": "sha512$8706fc14e0c8c3e2dd7f$f720a8ee2c748dc527daab814e0aeace960fb039b060a260e474a40127328778d59118f5c79b6d8ebf8d54fe657135359972e906285f826f130efe04ea1d7633",
            "email": "electronics@sd.com",
            "date_joined": "2011-11-07 09:40:15"
        }
    },
    {
        "pk": 8,
        "model": "auth.user",
        "fields": {
            "username": "computers",
            "first_name": "Test",
            "last_name": "Computers",
            "is_active": true,
            "is_superuser": false,
            "is_staff": false,
            "last_login": "2011-11-07 10:00:50",
            "groups": [],
            "user_permissions": [],
            "password": "sha512$6ec4728415020efa50d2$8105a93be6a442a3040c305e3869da722236f20ed36ed249c2850dd77e1ae237d75fae0c7d33112fde4b1dff8ccfd96bd7e1cd889dd4994978556d04e47893d5",
            "email": "computers@sd.com",
            "date_joined": "2011-11-07 09:40:15"
        }
    },
    {
        "pk": 9,
        "model": "auth.user",
        "fields": {
            "username": "home",
            "first_name": "Test",
            "last_name": "Home",
            "is_active": true,
            "is_superuser": false,
            "is_staff": false,
            "last_login": "2011-11-07 10:01:22",
            "groups": [],
            "user_permissions": [],
            "password": "sha512$7b8722fda6dff040b897$29a3d66d72c1cf26e40b29d07ea4bc28646ec073c31a404b1bb1540d403c6c8dba3f29f47ec0e4aab1f2cda6f0c98f75b088184fca8e5f02ab8aff8060de3dfd",
            "email": "home@sd.com",
            "date_joined": "2011-11-07 09:40:15"
        }
    },
    {
        "pk": 10,
        "model": "auth.user",
        "fields": {
            "username": "garden",
            "first_name": "Test",
            "last_name": "Garden",
            "is_active": true,
            "is_superuser": false,
            "is_staff": false,
            "last_login": "2011-11-07 10:01:50",
            "groups": [],
            "user_permissions": [],
            "password": "sha512$60c756783325a8539569$dc665f39b6b0d368e0900338e760f74110f3896fd9f9b79a1ddce04dd6399b9cab06be3f2ee0b772b6142d5e974a06bdfcfbfeeddc8d748ba11af54eb5f2baca",
            "email": "garden@sd.com",
            "date_joined": "2011-11-07 09:40:15"
        }
    },
    {
        "pk": 11,
        "model": "auth.user",
        "fields": {
            "username": "tools",
            "first_name": "Test",
            "last_name": "Tools",
            "is_active": true,
            "is_superuser": false,
            "is_staff": false,
            "last_login": "2011-11-08 00:41:01",
            "groups": [],
            "user_permissions": [],
            "password": "sha512$c53d37f918e9ce6f87f5$31d015334461b01bba897e730d9fa094373bc5b2b85033bebb6d815c5d0963ea604f8dc8223377a539e3656bcb24878ddd8b4a004cdf0373377fb737c9c3b706",
            "email": "tools@sd.com",
            "date_joined": "2011-11-07 09:40:15"
        }
    },
    {
        "pk": 2,
        "model": "auth.user",
        "fields": {
            "username": "books",
            "first_name": "Test",
            "last_name": "Books",
            "is_active": true,
            "is_superuser": false,
            "is_staff": false,
            "last_login": "2011-11-08 01:03:54",
            "groups": [],
            "user_permissions": [],
            "password": "sha512$03bb5ae43c7e835a3192$d1549bfeeb26ee373d8c0824ed57220d9ce451988479366a0a5e6780502bd485ede0bc39cae87b1b66fc0bef15ebf6a31958186e3062e3dcb2dfbbee5003d5b5",
            "email": "books@sd.com",
            "date_joined": "2011-11-07 09:40:14"
        }
    },
    {
        "pk": 3,
        "model": "auth.user",
        "fields": {
            "username": "gifts",
            "first_name": "Test",
            "last_name": "Gifts",
            "is_active": true,
            "is_superuser": false,
            "is_staff": false,
            "last_login": "2011-11-07 09:57:43",
            "groups": [],
            "user_permissions": [],
            "password": "sha512$38df680023952a0393f8$53ae42f05c2af7f1df45129bc911b74cb57ab0b1e55c1c45a1ff4f97384d2ae97ed2f0907eb5337b5dedeefe9b2c5c53539621fca5c19302fc085d49141b9f06",
            "email": "gifts@sd.com",
            "date_joined": "2011-11-07 09:40:14"
        }
    },
    {
        "pk": 13,
        "model": "auth.user",
        "fields": {
            "username": "health",
            "first_name": "Test",
            "last_name": "Health",
            "is_active": true,
            "is_superuser": false,
            "is_staff": false,
            "last_login": "2011-11-08 10:16:16",
            "groups": [],
            "user_permissions": [],
            "password": "sha512$7b92dc7b8b0a23b27182$5873b13694f60872c88b412e6d381aa289cef8d8b598c45cd2f4b1559eca185c8433d4f0163a2d90741410dbfb36791e9d230be33a61978d9602c8886c3792a2",
            "email": "health@sd.com",
            "date_joined": "2011-11-08 10:16:16"
        }
    },
    {
        "pk": 14,
        "model": "auth.user",
        "fields": {
            "username": "beauty",
            "first_name": "Test",
            "last_name": "Beauty",
            "is_active": true,
            "is_superuser": false,
            "is_staff": false,
            "last_login": "2011-11-08 10:18:18",
            "groups": [],
            "user_permissions": [],
            "password": "sha512$f6ee4675248768de8323$9b490e2d76113b4b2a20ab49eac169005b1efaa2f2f612428aac0bf3c465eb6d35a91d8ae3bd2a4e9d06c7e59b67d8580a6896a4b515d5c8ac3aaabe08621602",
            "email": "beauty@sd.com",
            "date_joined": "2011-11-08 10:18:18"
        }
    },
    {
        "pk": 16,
        "model": "auth.user",
        "fields": {
            "username": "kids",
            "first_name": "Test",
            "last_name": "Kids",
            "is_active": true,
            "is_superuser": false,
            "is_staff": false,
            "last_login": "2011-11-08 10:18:25",
            "groups": [],
            "user_permissions": [],
            "password": "sha512$d87fbe50a412b9d635d1$607129166859e96d25cc418ebfe3b094afadd7409a3c853f00ed0982f41a8cdbe7363fc3cf048ff2eb7cc47663a46d7dd228540fea657a573094d3e0985425d8",
            "email": "kids@sd.com",
            "date_joined": "2011-11-08 10:18:25"
        }
    },
    {
        "pk": 17,
        "model": "auth.user",
        "fields": {
            "username": "baby",
            "first_name": "Test",
            "last_name": "Baby",
            "is_active": true,
            "is_superuser": false,
            "is_staff": false,
            "last_login": "2011-11-08 10:18:30",
            "groups": [],
            "user_permissions": [],
            "password": "sha512$0538af9e3ee595c9d04e$755bb901ec842a9ea16f4ae7400723eb51840adf31d347feee07d0bf121d01b35256b69106e79b1af895d8e9741a7a107b4c4eb30cfabb36ac5060adce3dd1ba",
            "email": "baby@sd.com",
            "date_joined": "2011-11-08 10:18:30"
        }
    },
    {
        "pk": 18,
        "model": "auth.user",
        "fields": {
            "username": "clothing",
            "first_name": "Test",
            "last_name": "Clothing",
            "is_active": true,
            "is_superuser": false,
            "is_staff": false,
            "last_login": "2011-11-08 10:18:34",
            "groups": [],
            "user_permissions": [],
            "password": "sha512$303b592c26f0c6d0866e$2531edabcce106268a5e77620de43d9f43a24a1ea33e3bb57652c32a74c8e1148792def07fac025b4de4706b83dfe6e6930691b737996f0aab68ae55afea2c8a",
            "email": "clothing@sd.com",
            "date_joined": "2011-11-08 10:18:34"
        }
    },
    {
        "pk": 19,
        "model": "auth.user",
        "fields": {
            "username": "shoes",
            "first_name": "Test",
            "last_name": "Shoes",
            "is_active": true,
            "is_superuser": false,
            "is_staff": false,
            "last_login": "2011-11-08 10:18:38",
            "groups": [],
            "user_permissions": [],
            "password": "sha512$e9662f0b8a9ff038b331$1e541ee5db9b7c6ee7d0e2c3fb4a8fe1ed406e931416e29524c3ad60336935ee97e11df96a3bf24b3685421f0241559af6cadbacd1db4311625b9acd78ba4d51",
            "email": "shoes@sd.com",
            "date_joined": "2011-11-08 10:18:38"
        }
    },
    {
        "pk": 20,
        "model": "auth.user",
        "fields": {
            "username": "jewelry",
            "first_name": "Test",
            "last_name": "Jewelry",
            "is_active": true,
            "is_superuser": false,
            "is_staff": false,
            "last_login": "2011-11-08 10:18:44",
            "groups": [],
            "user_permissions": [],
            "password": "sha512$9ea0ee6009edd441b5be$a9514bf3a20a7c8e14279cc0d33f1ae0334dab8b98376127e3bd20cd3c1282cc4a6332736c024d1566dcd4101ebc742e669d7adb8555e824ccc4b33a5254b217",
            "email": "jewelry@sd.com",
            "date_joined": "2011-11-08 10:18:44"
        }
    },
    {
        "pk": 21,
        "model": "auth.user",
        "fields": {
            "username": "sports",
            "first_name": "Test",
            "last_name": "Sports",
            "is_active": true,
            "is_superuser": false,
            "is_staff": false,
            "last_login": "2011-11-08 10:18:47",
            "groups": [],
            "user_permissions": [],
            "password": "sha512$253332fad20945e4c912$ba360c719609c6f4a4aad5a340e4ba5c07440f1c769404e10b7eaa8043d36eacaa43f75b11cdd0b3c401033faeb48bf6175617ce96402b21f901da22c795746e",
            "email": "sports@sd.com",
            "date_joined": "2011-11-08 10:18:47"
        }
    },
    {
        "pk": 22,
        "model": "auth.user",
        "fields": {
            "username": "outdoors",
            "first_name": "Test",
            "last_name": "Outdoors",
            "is_active": true,
            "is_superuser": false,
            "is_staff": false,
            "last_login": "2011-11-08 10:18:53",
            "groups": [],
            "user_permissions": [],
            "password": "sha512$d67879ba9b50c46060d5$7ce609c746baf1a3524b91e0276f90c4a38d07343dc53b438005b29d1e7f2615630533b7491f47783f97638e765707e5fc4e2f6c14132b997a53cdfe65e0df70",
            "email": "outdoors@sd.com",
            "date_joined": "2011-11-08 10:18:53"
        }
    },
    {
        "pk": 23,
        "model": "auth.user",
        "fields": {
            "username": "pets",
            "first_name": "Test",
            "last_name": "Pets",
            "is_active": true,
            "is_superuser": false,
            "is_staff": false,
            "last_login": "2011-11-08 10:18:57",
            "groups": [],
            "user_permissions": [],
            "password": "sha512$6d1504e547aef386a4e3$58720c949cb55b35395b818e4709239597121534df49efe4987a93ae382ea5ea5f47b990bb6924ea31a31ab8d5393080430095d2f84ce62c1d2ab6dee31db8d8",
            "email": "pets@sd.com",
            "date_joined": "2011-11-08 10:18:57"
        }
    },
    {
        "pk": 25,
        "model": "auth.user",
        "fields": {
            "username": "industrial",
            "first_name": "Test",
            "last_name": "Industrial",
            "is_active": true,
            "is_superuser": false,
            "is_staff": false,
            "last_login": "2011-11-08 10:19:43",
            "groups": [],
            "user_permissions": [],
            "password": "sha512$a018f6fd08e08144c86e$46907e5f7fbba045c15f37a6912d8b319c4ad69e575515af4ec162ad49732929e088f76dd6fa38dcb2a769b190dbe1cdaefe1279de1308d17f6dc10ec8afcc58",
            "email": "industrial@sd.com",
            "date_joined": "2011-11-08 10:19:43"
        }
    },

    {
        "pk": 11,
        "model": "profiles.profile",
        "fields": {
            "birthday": "1987-05-29",
            "user": 6,
            "avatar": "avatars/games.jpg",
            "sex": "F"
        }
    },
    {
        "pk": 12,
        "model": "profiles.profile",
        "fields": {
            "birthday": "1987-05-29",
            "user": 5,
            "avatar": "avatars/Graphic__Music_-Headphones-_Heart.gif",
            "sex": "F"
        }
    },
    {
        "pk": 13,
        "model": "profiles.profile",
        "fields": {
            "birthday": "1987-12-01",
            "user": 15,
            "avatar": "avatars/350px-Optimusg1.jpg",
            "sex": "M"
        }
    },
    {
        "pk": 14,
        "model": "profiles.profile",
        "fields": {
            "birthday": "1987-12-01",
            "user": 4,
            "avatar": "avatars/no_image.jpg",
            "sex": "M"
        }
    },
    {
        "pk": 15,
        "model": "profiles.profile",
        "fields": {
            "birthday": "1987-12-01",
            "user": 7,
            "avatar": "avatars/services_front.jpg",
            "sex": "M"
        }
    },
    {
        "pk": 16,
        "model": "profiles.profile",
        "fields": {
            "birthday": "1987-12-01",
            "user": 8,
            "avatar": "avatars/dell-m4300.jpg",
            "sex": "M"
        }
    },
    {
        "pk": 17,
        "model": "profiles.profile",
        "fields": {
            "birthday": "1987-05-29",
            "user": 9,
            "avatar": "avatars/home-icon.jpg",
            "sex": "F"
        }
    },
    {
        "pk": 18,
        "model": "profiles.profile",
        "fields": {
            "birthday": "1987-05-29",
            "user": 10,
            "avatar": "avatars/garden_main.jpg",
            "sex": "F"
        }
    },
    {
        "pk": 19,
        "model": "profiles.profile",
        "fields": {
            "birthday": "1987-12-01",
            "user": 11,
            "avatar": "avatars/tools.jpg",
            "sex": "M"
        }
    },
    {
        "pk": 20,
        "model": "profiles.profile",
        "fields": {
            "birthday": "1987-12-01",
            "user": 2,
            "avatar": "avatars/Presidental-library.jpg",
            "sex": "M"
        }
    },
    {
        "pk": 21,
        "model": "profiles.profile",
        "fields": {
            "birthday": "1987-05-29",
            "user": 3,
            "avatar": "avatars/gift-boxes.jpg",
            "sex": "F"
        }
    },
    {
        "pk": 22,
        "model": "profiles.profile",
        "fields": {
            "birthday": "1987-12-01",
            "user": 13,
            "avatar": "avatars/homer_running.jpg",
            "sex": "M"
        }
    },
    {
        "pk": 23,
        "model": "profiles.profile",
        "fields": {
            "birthday": "1987-05-29",
            "user": 14,
            "avatar": "avatars/beauty-and-the-geek.jpg",
            "sex": "F"
        }
    },
    {
        "pk": 24,
        "model": "profiles.profile",
        "fields": {
            "birthday": "1985-02-15",
            "user": 16,
            "avatar": "avatars/kids.jpg",
            "sex": "F"
        }
    },
    {
        "pk": 25,
        "model": "profiles.profile",
        "fields": {
            "birthday": "1987-05-29",
            "user": 17,
            "avatar": "avatars/Cute-baby-boy-crying-hard-photos.jpg",
            "sex": "M"
        }
    },
    {
        "pk": 26,
        "model": "profiles.profile",
        "fields": {
            "birthday": "1987-12-01",
            "user": 18,
            "avatar": "avatars/sun-protective-clothing.jpg",
            "sex": "M"
        }
    },
    {
        "pk": 27,
        "model": "profiles.profile",
        "fields": {
            "birthday": "1987-12-01",
            "user": 19,
            "avatar": "avatars/460_mp3shoes_1_.jpg",
            "sex": "M"
        }
    },
    {
        "pk": 28,
        "model": "profiles.profile",
        "fields": {
            "birthday": "1987-05-29",
            "user": 20,
            "avatar": "avatars/1639868-p-DETAILED.jpg",
            "sex": "F"
        }
    },
    {
        "pk": 29,
        "model": "profiles.profile",
        "fields": {
            "birthday": "1987-12-01",
            "user": 21,
            "avatar": "avatars/sports_top.jpg",
            "sex": "M"
        }
    },
    {
        "pk": 30,
        "model": "profiles.profile",
        "fields": {
            "birthday": "1987-12-01",
            "user": 22,
            "avatar": "avatars/1311964633-65.jpg",
            "sex": "M"
        }
    },
    {
        "pk": 31,
        "model": "profiles.profile",
        "fields": {
            "birthday": "1987-12-01",
            "user": 23,
            "avatar": "avatars/angry_cat.jpg",
            "sex": "M"
        }
    },
    {
        "pk": 32,
        "model": "profiles.profile",
        "fields": {
            "birthday": "1987-05-29",
            "user": 25,
            "avatar": "avatars/industrial-palast.jpg",
            "sex": "F"
        }
    },
    {
        "pk": 10,
        "model": "profiles.profile",
        "fields": {
            "birthday": "1980-11-09",
            "user": 12,
            "avatar": "avatars/car_cutaway.jpg",
            "sex": "M"
        }
    },

    {
        "pk": 20,
        "model": "friends.friendship",
        "fields": {
            "friends": [],
            "user": 6
        }
    },
    {
        "pk": 21,
        "model": "friends.friendship",
        "fields": {
            "friends": [],
            "user": 5
        }
    },
    {
        "pk": 22,
        "model": "friends.friendship",
        "fields": {
            "friends": [],
            "user": 15
        }
    },
    {
        "pk": 23,
        "model": "friends.friendship",
        "fields": {
            "friends": [],
            "user": 4
        }
    },
    {
        "pk": 24,
        "model": "friends.friendship",
        "fields": {
            "friends": [],
            "user": 7
        }
    },
    {
        "pk": 25,
        "model": "friends.friendship",
        "fields": {
            "friends": [],
            "user": 8
        }
    },
    {
        "pk": 26,
        "model": "friends.friendship",
        "fields": {
            "friends": [],
            "user": 9
        }
    },
    {
        "pk": 27,
        "model": "friends.friendship",
        "fields": {
            "friends": [],
            "user": 10
        }
    },
    {
        "pk": 28,
        "model": "friends.friendship",
        "fields": {
            "friends": [],
            "user": 11
        }
    },
    {
        "pk": 29,
        "model": "friends.friendship",
        "fields": {
            "friends": [],
            "user": 2
        }
    },
    {
        "pk": 30,
        "model": "friends.friendship",
        "fields": {
            "friends": [],
            "user": 3
        }
    },
    {
        "pk": 31,
        "model": "friends.friendship",
        "fields": {
            "friends": [],
            "user": 13
        }
    },
    {
        "pk": 32,
        "model": "friends.friendship",
        "fields": {
            "friends": [],
            "user": 14
        }
    },
    {
        "pk": 33,
        "model": "friends.friendship",
        "fields": {
            "friends": [],
            "user": 16
        }
    },
    {
        "pk": 34,
        "model": "friends.friendship",
        "fields": {
            "friends": [],
            "user": 17
        }
    },
    {
        "pk": 35,
        "model": "friends.friendship",
        "fields": {
            "friends": [],
            "user": 18
        }
    },
    {
        "pk": 36,
        "model": "friends.friendship",
        "fields": {
            "friends": [],
            "user": 19
        }
    },
    {
        "pk": 37,
        "model": "friends.friendship",
        "fields": {
            "friends": [],
            "user": 20
        }
    },
    {
        "pk": 38,
        "model": "friends.friendship",
        "fields": {
            "friends": [],
            "user": 21
        }
    },
    {
        "pk": 39,
        "model": "friends.friendship",
        "fields": {
            "friends": [],
            "user": 22
        }
    },
    {
        "pk": 40,
        "model": "friends.friendship",
        "fields": {
            "friends": [],
            "user": 12
        }
    },
    {
        "pk": 42,
        "model": "friends.friendship",
        "fields": {
            "friends": [],
            "user": 23
        }
    },
    {
        "pk": 43,
        "model": "friends.friendship",
        "fields": {
            "friends": [],
            "user": 25
        }
    },

    {
        "pk": 20,
        "model": "friends.userblocks",
        "fields": {
            "blocks": [],
            "user": 6
        }
    },
    {
        "pk": 21,
        "model": "friends.userblocks",
        "fields": {
            "blocks": [],
            "user": 5
        }
    },
    {
        "pk": 22,
        "model": "friends.userblocks",
        "fields": {
            "blocks": [],
            "user": 15
        }
    },
    {
        "pk": 23,
        "model": "friends.userblocks",
        "fields": {
            "blocks": [],
            "user": 4
        }
    },
    {
        "pk": 24,
        "model": "friends.userblocks",
        "fields": {
            "blocks": [],
            "user": 7
        }
    },
    {
        "pk": 25,
        "model": "friends.userblocks",
        "fields": {
            "blocks": [],
            "user": 8
        }
    },
    {
        "pk": 26,
        "model": "friends.userblocks",
        "fields": {
            "blocks": [],
            "user": 9
        }
    },
    {
        "pk": 27,
        "model": "friends.userblocks",
        "fields": {
            "blocks": [],
            "user": 10
        }
    },
    {
        "pk": 28,
        "model": "friends.userblocks",
        "fields": {
            "blocks": [],
            "user": 11
        }
    },
    {
        "pk": 29,
        "model": "friends.userblocks",
        "fields": {
            "blocks": [],
            "user": 2
        }
    },
    {
        "pk": 30,
        "model": "friends.userblocks",
        "fields": {
            "blocks": [],
            "user": 3
        }
    },
    {
        "pk": 31,
        "model": "friends.userblocks",
        "fields": {
            "blocks": [],
            "user": 13
        }
    },
    {
        "pk": 32,
        "model": "friends.userblocks",
        "fields": {
            "blocks": [],
            "user": 14
        }
    },
    {
        "pk": 33,
        "model": "friends.userblocks",
        "fields": {
            "blocks": [],
            "user": 16
        }
    },
    {
        "pk": 34,
        "model": "friends.userblocks",
        "fields": {
            "blocks": [],
            "user": 17
        }
    },
    {
        "pk": 35,
        "model": "friends.userblocks",
        "fields": {
            "blocks": [],
            "user": 18
        }
    },
    {
        "pk": 36,
        "model": "friends.userblocks",
        "fields": {
            "blocks": [],
            "user": 19
        }
    },
    {
        "pk": 37,
        "model": "friends.userblocks",
        "fields": {
            "blocks": [],
            "user": 20
        }
    },
    {
        "pk": 38,
        "model": "friends.userblocks",
        "fields": {
            "blocks": [],
            "user": 21
        }
    },
    {
        "pk": 39,
        "model": "friends.userblocks",
        "fields": {
            "blocks": [],
            "user": 22
        }
    },
    {
        "pk": 40,
        "model": "friends.userblocks",
        "fields": {
            "blocks": [],
            "user": 12
        }
    },
    {
        "pk": 42,
        "model": "friends.userblocks",
        "fields": {
            "blocks": [],
            "user": 23
        }
    },
    {
        "pk": 43,
        "model": "friends.userblocks",
        "fields": {
            "blocks": [],
            "user": 25
        }
    },

    {
        "pk": 7,
        "model": "stores.category",
        "fields": {
            "marker": "category-markers/computers.png",
            "name": "Computers",
            "icon": "category-icons/computers.png"
        }
    },
    {
        "pk": 8,
        "model": "stores.category",
        "fields": {
            "marker": "category-markers/home.png",
            "name": "Home, Sweet Home",
            "icon": "category-icons/home.png"
        }
    },
    {
        "pk": 9,
        "model": "stores.category",
        "fields": {
            "marker": "category-markers/garden.png",
            "name": "Garden",
            "icon": "category-icons/garden.png"
        }
    },
    {
        "pk": 10,
        "model": "stores.category",
        "fields": {
            "marker": "category-markers/tools.png",
            "name": "Tools",
            "icon": "category-icons/tools.png"
        }
    },
    {
        "pk": 11,
        "model": "stores.category",
        "fields": {
            "marker": "category-markers/health.png",
            "name": "Health",
            "icon": "category-icons/health.png"
        }
    },
    {
        "pk": 12,
        "model": "stores.category",
        "fields": {
            "marker": "category-markers/beauty.png",
            "name": "Beauty",
            "icon": "category-icons/beauty.png"
        }
    },
    {
        "pk": 13,
        "model": "stores.category",
        "fields": {
            "marker": "category-markers/toys.png",
            "name": "Toys",
            "icon": "category-icons/toys.png"
        }
    },
    {
        "pk": 14,
        "model": "stores.category",
        "fields": {
            "marker": "category-markers/kids.png",
            "name": "Kids",
            "icon": "category-icons/kids.png"
        }
    },
    {
        "pk": 15,
        "model": "stores.category",
        "fields": {
            "marker": "category-markers/baby.png",
            "name": "Baby",
            "icon": "category-icons/baby.png"
        }
    },
    {
        "pk": 16,
        "model": "stores.category",
        "fields": {
            "marker": "category-markers/clothing.png",
            "name": "Clothing",
            "icon": "category-icons/clothing.png"
        }
    },
    {
        "pk": 17,
        "model": "stores.category",
        "fields": {
            "marker": "category-markers/shoes.png",
            "name": "Shoes",
            "icon": "category-icons/shoes.png"
        }
    },
    {
        "pk": 18,
        "model": "stores.category",
        "fields": {
            "marker": "category-markers/jewelry.png",
            "name": "Jewelry",
            "icon": "category-icons/jewelry.png"
        }
    },
    {
        "pk": 19,
        "model": "stores.category",
        "fields": {
            "marker": "category-markers/sports.png",
            "name": "Sports",
            "icon": "category-icons/sports.png"
        }
    },
    {
        "pk": 20,
        "model": "stores.category",
        "fields": {
            "marker": "category-markers/outdoors.png",
            "name": "Outdoors",
            "icon": "category-icons/outdoors.png"
        }
    },
    {
        "pk": 21,
        "model": "stores.category",
        "fields": {
            "marker": "category-markers/pets.png",
            "name": "Pets",
            "icon": "category-icons/pets.png"
        }
    },
    {
        "pk": 22,
        "model": "stores.category",
        "fields": {
            "marker": "category-markers/automotive.png",
            "name": "Automotive",
            "icon": "category-icons/automotive.png"
        }
    },
    {
        "pk": 23,
        "model": "stores.category",
        "fields": {
            "marker": "category-markers/industrial.png",
            "name": "Industrial",
            "icon": "category-icons/industrial.png"
        }
    },
    {
        "pk": 1,
        "model": "stores.category",
        "fields": {
            "marker": "category-markers/books.png",
            "name": "Books",
            "icon": "category-icons/books.png"
        }
    },
    {
        "pk": 2,
        "model": "stores.category",
        "fields": {
            "marker": "category-markers/gifts.png",
            "name": "Gifts",
            "icon": "category-icons/gifts.png"
        }
    },
    {
        "pk": 3,
        "model": "stores.category",
        "fields": {
            "marker": "category-markers/movies.png",
            "name": "Movies",
            "icon": "category-icons/movies.png"
        }
    },
    {
        "pk": 4,
        "model": "stores.category",
        "fields": {
            "marker": "category-markers/music.png",
            "name": "Music",
            "icon": "category-icons/music.png"
        }
    },
    {
        "pk": 5,
        "model": "stores.category",
        "fields": {
            "marker": "category-markers/games.png",
            "name": "Games",
            "icon": "category-icons/games.png"
        }
    },
    {
        "pk": 6,
        "model": "stores.category",
        "fields": {
            "marker": "category-markers/electronics.png",
            "name": "Electronics",
            "icon": "category-icons/electronics.png"
        }
    },

    {
        "pk": 11,
        "model": "stores.store",
        "fields": {
            "category": 22,
            "name": "Car Shop",
            "is_active": true,
            "location": "POINT (-25.2148812207942434 126.6613766250000026)",
            "user": 12,
            "paypal_email": "sllr3_1324111206_biz@gmail.com"
        }
    },
    {
        "pk": 10,
        "model": "stores.store",
        "fields": {
            "category": 10,
            "name": "KREW Tools\u200e",
            "is_active": true,
            "location": "POINT (-34.1709085003576405 151.2707516250000026)",
            "user": 11
        }
    },
    {
        "pk": 4,
        "model": "stores.store",
        "fields": {
            "category": 4,
            "name": "Warner Music Australia\u200e",
            "is_active": true,
            "location": "POINT (-32.2592655662904590 146.1730953750000026)",
            "user": 5
        }
    },
    {
        "pk": 9,
        "model": "stores.store",
        "fields": {
            "category": 9,
            "name": "Medicine Garden Australia\u200e",
            "is_active": true,
            "location": "POINT (-30.9870281020638423 142.6574703750000026)",
            "user": 10
        }
    },
    {
        "pk": 8,
        "model": "stores.store",
        "fields": {
            "category": 8,
            "name": "Aussie Home Loans\u200e",
            "is_active": true,
            "location": "POINT (-33.5871674768177257 151.0070797500000026)",
            "user": 9
        }
    },
    {
        "pk": 7,
        "model": "stores.store",
        "fields": {
            "category": 7,
            "name": "Jamtek Computers Australia",
            "is_active": true,
            "location": "POINT (-33.3672376039947025 144.2395016250000026)",
            "user": 8
        }
    },
    {
        "pk": 5,
        "model": "stores.store",
        "fields": {
            "category": 5,
            "name": "Gamedude Computers\u200e",
            "is_active": true,
            "location": "POINT (-34.1709085003576405 151.0949703750000026)",
            "user": 6
        }
    },
    {
        "pk": 6,
        "model": "stores.store",
        "fields": {
            "category": 6,
            "name": "Kramer Electronics Australia\u200e",
            "is_active": true,
            "location": "POINT (-33.0731310835930401 151.4465328750000026)",
            "user": 7
        }
    },
    {
        "pk": 3,
        "model": "stores.store",
        "fields": {
            "category": 3,
            "name": "DeMolay Australia\u200e",
            "is_active": true,
            "location": "POINT (-30.6095499395444044 149.2492672500000026)",
            "user": 4
        }
    },
    {
        "pk": 2,
        "model": "stores.store",
        "fields": {
            "category": 2,
            "name": "Australian Gift & Souvenir Supplies\u200e",
            "is_active": true,
            "location": "POINT (-35.6126509532081457 150.3918453750000026)",
            "user": 3
        }
    },
    {
        "pk": 12,
        "model": "stores.store",
        "fields": {
            "category": 11,
            "name": "Goodies & Grains",
            "is_active": true,
            "location": "POINT (-31.0623455514721769 133.7805172500000026)",
            "user": 13
        }
    },
    {
        "pk": 13,
        "model": "stores.store",
        "fields": {
            "category": 12,
            "name": "Universal Body",
            "is_active": true,
            "location": "POINT (-29.2384772302399405 138.3508297500000026)",
            "user": 14
        }
    },
    {
        "pk": 14,
        "model": "stores.store",
        "fields": {
            "category": 13,
            "name": "Kidzone",
            "is_active": true,
            "location": "POINT (-28.9312471166102938 132.4621578750000026)",
            "user": 15
        }
    },
    {
        "pk": 15,
        "model": "stores.store",
        "fields": {
            "category": 14,
            "name": "Mostly Kids",
            "is_active": true,
            "location": "POINT (-31.9614836975797942 133.2531735000000026)",
            "user": 16
        }
    },
    {
        "pk": 16,
        "model": "stores.store",
        "fields": {
            "category": 15,
            "name": "Baby Junction",
            "is_active": true,
            "location": "POINT (-34.2435948664113425 135.9777828750000026)",
            "user": 17
        }
    },
    {
        "pk": 17,
        "model": "stores.store",
        "fields": {
            "category": 16,
            "name": "LAX Fashion",
            "is_active": true,
            "location": "POINT (-31.5129959984468968 138.2629391250000026)",
            "user": 18
        }
    },
    {
        "pk": 18,
        "model": "stores.store",
        "fields": {
            "category": 17,
            "name": "Cherri Bellini",
            "is_active": true,
            "location": "POINT (-27.9264741859886669 139.3176266250000026)",
            "user": 19
        }
    },
    {
        "pk": 19,
        "model": "stores.store",
        "fields": {
            "category": 18,
            "name": "Gerard McCabe Jewellers",
            "is_active": true,
            "location": "POINT (-28.5459258685112154 133.2531735000000026)",
            "user": 20
        }
    },
    {
        "pk": 20,
        "model": "stores.store",
        "fields": {
            "category": 19,
            "name": "Bailetti Sports",
            "is_active": true,
            "location": "POINT (-29.4682967856999340 138.6145016250000026)",
            "user": 21
        }
    },
    {
        "pk": 21,
        "model": "stores.store",
        "fields": {
            "category": 20,
            "name": "Ray's Outdoors",
            "is_active": true,
            "location": "POINT (-29.5447879400774411 139.8449703750000026)",
            "user": 22
        }
    },
    {
        "pk": 22,
        "model": "stores.store",
        "fields": {
            "category": 21,
            "name": "P & K Pets",
            "is_active": true,
            "location": "POINT (-31.8868866662059460 133.9562985000000026)",
            "user": 23
        }
    },
    {
        "pk": 23,
        "model": "stores.store",
        "fields": {
            "category": 23,
            "name": "BRESK Sales Pty",
            "is_active": true,
            "location": "POINT (-28.9312471166102938 138.8781735000000026)",
            "user": 25
        }
    },
    {
        "pk": 1,
        "model": "stores.store",
        "fields": {
            "category": 1,
            "name": "Second Hand Book Shop",
            "is_active": true,
            "location": "POINT (-22.9280418179847203 143.8879391250000026)",
            "user": 2,
            "paypal_email": "sllr2_1319978021_biz@gmail.com"
        }
    },

    {
        "pk": 2,
        "model": "stores.item",
        "fields": {
            "name": "Killing Lincoln (Hardcover)",
            "price": 14.00,
            "description": "\r\nFrom the Publisher:\r\nA riveting historical narrative of the heart-stopping events surrounding the assassination of Abraham Lincoln, and the first work of history from mega-bestselling author Bill O'Reilly\r\n",
            "discount": 1,
            "is_out_of_stock": false,
            "store": 1,
            "quantity": 1
        }
    },
    {
        "pk": 3,
        "model": "stores.item",
        "fields": {
            "name": "Flashpoint (Hardcover)",
            "price": 50.00,
            "description": " \r\nNot a dream, not an imaginary story, not an elseworld. This is Flash Fact: When Barry Allen wakes at his desk, he discovers the world has changed. Family is alive, loved ones are strangers, and close friends are different, gone or worse. It''s a world on the brink of a cataclysmic war - but where are Earth''s Greatest Heroes to stop it? It''s a place where America''s last hope is Cyborg, who hopes to gather the forces of The Outsider, The Secret 7, S!H!A!Z!A!M!, Citizen Cold and other new and familiar-yetaltered faces! It''s a world that could be running out of time, if The Flash can''t find the villain who altered the time line!",
            "discount": 5,
            "is_out_of_stock": false,
            "store": 1,
            "quantity": 4
        }
    },
    {
        "pk": 4,
        "model": "stores.item",
        "fields": {
            "name": "The Next Always (Paperback)",
            "price": 17.00,
            "description": "\"America''s favorite writer\" (\"The New Yorker\") begins an all-new trilogy-inspired by the inn she owns and the town she loves.\r\n\r\nThe historic hotel in BoonsBoro, Maryland, has endured war and peace, changing hands, even rumored hauntings. Now it''s getting a major facelift from the Montgomery brothers and their eccentric mother. As the architect of the family, Beckett''s social life consists mostly of talking shop over pizza and beer. But there''s another project he''s got his eye on: the girl he''s been waiting to kiss since he was fifteen...",
            "discount": 3,
            "is_out_of_stock": false,
            "store": 1,
            "quantity": 3
        }
    },
    {
        "pk": 5,
        "model": "stores.item",
        "fields": {
            "name": "Steve Jobs (Hardcover)",
            "price": 32.00,
            "description": "Based on more than forty interviews with Jobs conducted over two years\u2014as well as interviews with more than a hundred family members, friends, adversaries, competitors, and colleagues\u2014Walter Isaacson has written a riveting story of the roller-coaster life and searingly intense personality of a creative entrepreneur whose passion for perfection and ferocious drive revolutionized six industries: personal computers, animated movies, music, phones, tablet computing, and digital publishing.",
            "discount": 3,
            "is_out_of_stock": false,
            "store": 1,
            "quantity": 3
        }
    },
    {
        "pk": 7,
        "model": "stores.item",
        "fields": {
            "name": "Einstein: His Life and Universe (Hardcover)",
            "price": 32.00,
            "description": "From Isaacson, the bestselling author of \"Benjamin Franklin,\" comes the first full biography of Albert Einstein since all his papers have become available--a fully realized portrait of a premier icon of his era.\r\n",
            "discount": 4,
            "is_out_of_stock": false,
            "store": 1,
            "quantity": 44
        }
    },
    {
        "pk": 6,
        "model": "stores.item",
        "fields": {
            "name": "Benjamin Franklin (Hardcover)",
            "price": 20.00,
            "description": "Benjamin Franklin is the Founding Father who winks at us. An ambitious urban entrepreneur who rose up the social ladder, from leather-aproned shopkeeper to dining with kings, he seems made of flesh rather than of marble. In bestselling author Walter Isaacson's vivid and witty full-scale biography, we discover why Franklin seems to turn to us from history's stage with eyes that twinkle from behind his new-fangled spectacles. By bringing Franklin to life, Isaacson shows how he helped to define both his own time and ours.",
            "discount": 5,
            "is_out_of_stock": false,
            "store": 1,
            "quantity": 12
        }
    },
    {
        "pk": 8,
        "model": "stores.item",
        "fields": {
            "name": "A Beautiful Mind (Paperback)",
            "price": 44.00,
            "description": "The dramatic story of John Forbes Nash, Jr., a mathematical genius who slipped into madness at the height of his career, endured three decades of schizophrenia, and, after a miraculous recovery, was awarded the Nobel Prize for his groundbreaking work. of photos. Index.",
            "discount": 44,
            "is_out_of_stock": false,
            "store": 1,
            "quantity": 44
        }
    },
    {
        "pk": 10,
        "model": "stores.item",
        "fields": {
            "name": "The Unofficial Guide to Las Vegas 2012 (Paperback)",
            "price": 55.00,
            "description": "\"The Unofficial Guide to Las Vegas\" ranks over 100 hotels and casinos- the most offered by any other guidebook for the destination, providing complete detailed descriptions of each casino hotel.Global Travel Industry News and Forbes Traveler rank Las Vegas as the #2 most popular U.S. destination to visit calling it \"America''s favorite playground.\"In-depth detailed critical reviews of Las Vegas'' best shows, nightlife, and restaurantsOpinionated advice on getting the best room and the best deal, finding the coolest pools, golf, spas, and tips on gambling- this guide has it all",
            "discount": 55,
            "is_out_of_stock": false,
            "store": 1,
            "quantity": 55
        }
    },
    {
        "pk": 9,
        "model": "stores.item",
        "fields": {
            "name": "The Unofficial Guide to Walt Disney World 2012",
            "price": 22.00,
            "description": "Offers an overview of how to plan the perfect vacation, with tips on saving money, ratings for area hotels, and evaluations of attractions by age group.",
            "discount": 22,
            "is_out_of_stock": false,
            "store": 1,
            "quantity": 22
        }
    },
    {
        "pk": 11,
        "model": "stores.item",
        "fields": {
            "name": "Food Lovers' Guide To Seattle (Paperback)",
            "price": 12.00,
            "description": "Format: Paperback\r\nPublisher: Globe Pequot Pr\r\nISBN-10: 0762770171\r\nISBN-13: 9780762770175",
            "discount": 5,
            "is_out_of_stock": false,
            "store": 1,
            "quantity": 5
        }
    },
    {
        "pk": 12,
        "model": "stores.item",
        "fields": {
            "name": "The Ultimate Kauai Guidebook (Paperback)",
            "price": 15.00,
            "description": "Hailed by the \"New York Times\" as a must for any serious traveler and \"Cond Nast\" as the best Kaua''i guidebook, this comprehensive and humorous seventh edition reveals even more hidden gems and includes a 68-page activities chapter and a unique adventure section. Anonymous reviews are written by an island resident.",
            "discount": 15,
            "is_out_of_stock": false,
            "store": 1,
            "quantity": 15
        }
    },
    {
        "pk": 13,
        "model": "stores.item",
        "fields": {
            "name": "1001 Paintings You Must See Before You Die (Hardcover)",
            "price": 40.00,
            "description": "This highly browsable guide provides a comprehensive worldwide gazeteer of paintings organized chronologically by date of completion. Each entry includes the history of the painting, information about the artist or artistic movement, the current location of the painting (all are on view to the public), and other details.",
            "discount": 8,
            "is_out_of_stock": false,
            "store": 1,
            "quantity": 8
        }
    },
    {
        "pk": 14,
        "model": "stores.item",
        "fields": {
            "name": "BMW 3 Series Coup\u00e9",
            "price": 40200.00,
            "description": "230 horse power\r\n3.0-liter, inline 6-cylinder engine\r\nxDrive, intelligent all-wheel-drive",
            "discount": 10,
            "is_out_of_stock": false,
            "store": 11,
            "quantity": 3
        }
    },
    {
        "pk": 15,
        "model": "stores.item",
        "fields": {
            "name": "BMW 1 Series Coup\u00e9",
            "price": 29150.00,
            "description": "300 horse power\r\n3.0-liter, DOHC, inline 6-cylinder\r\nRear-wheel Drive",
            "discount": 12,
            "is_out_of_stock": false,
            "store": 11,
            "quantity": 1
        }
    },
    {
        "pk": 16,
        "model": "stores.item",
        "fields": {
            "name": "BMW Z4",
            "price": 64200.00,
            "description": "335 horse power\r\n3.0-liter, inline 6-cylinder engine",
            "discount": 20,
            "is_out_of_stock": false,
            "store": 11,
            "quantity": 4
        }
    },
    {
        "pk": 17,
        "model": "stores.item",
        "fields": {
            "name": "BMW M5",
            "price": 84500.00,
            "description": "414 horse power\r\n4.0 liter, V-8 engine",
            "discount": 3,
            "is_out_of_stock": false,
            "store": 11,
            "quantity": 5
        }
    },
    {
        "pk": 18,
        "model": "stores.item",
        "fields": {
            "name": "Mercedes-Benz SL 63 Roadster",
            "price": 103650.00,
            "description": "382-horsepower V-8\r\n16-second hardtop",
            "discount": 1,
            "is_out_of_stock": false,
            "store": 11,
            "quantity": 63
        }
    },
    {
        "pk": 19,
        "model": "stores.item",
        "fields": {
            "name": "Mercedes-Benz G-Class",
            "price": 120500.00,
            "description": "382-hp 5.5L V8 engine\r\n7-speed auto transmission\r\n11/15 mpg (city/highway)",
            "discount": 4,
            "is_out_of_stock": false,
            "store": 11,
            "quantity": 3
        }
    },
    {
        "pk": 20,
        "model": "stores.item",
        "fields": {
            "name": "BMW 1 M Coup\u00e9",
            "price": 75200.00,
            "description": "Nice car!",
            "discount": 1,
            "is_out_of_stock": false,
            "store": 11,
            "quantity": 1
        }
    },
    {
        "pk": 21,
        "model": "stores.item",
        "fields": {
            "name": "Lamborghini Gallardo LP 550-2",
            "price": 205000.00,
            "description": "Fast car!",
            "discount": 5,
            "is_out_of_stock": false,
            "store": 11,
            "quantity": 5
        }
    },
    {
        "pk": 22,
        "model": "stores.item",
        "fields": {
            "name": "BMW 5 Touring",
            "price": 95400.00,
            "description": "350 hp V8 engine ",
            "discount": 4,
            "is_out_of_stock": false,
            "store": 11,
            "quantity": 4
        }
    },
    {
        "pk": 23,
        "model": "stores.item",
        "fields": {
            "name": "Audi A7 Sportback",
            "price": 76500.00,
            "description": "3.0 L V8 300 hp engine",
            "discount": 7,
            "is_out_of_stock": false,
            "store": 11,
            "quantity": 7
        }
    },
    {
        "pk": 24,
        "model": "stores.item",
        "fields": {
            "name": "Aston Martin DBS",
            "price": 550000.00,
            "description": "5.9 MT",
            "discount": 10,
            "is_out_of_stock": false,
            "store": 11,
            "quantity": 2
        }
    },
    {
        "pk": 25,
        "model": "stores.item",
        "fields": {
            "name": "Mercedes-Benz SLS AMG",
            "price": 320000.00,
            "description": "AMG 6.3L V8 engine",
            "discount": 3,
            "is_out_of_stock": false,
            "store": 11,
            "quantity": 4
        }
    },
    {
        "pk": 26,
        "model": "stores.item",
        "fields": {
            "name": "Mercedes-Benz E-Class",
            "price": 80500.00,
            "description": "3.5L V6",
            "discount": 20,
            "is_out_of_stock": false,
            "store": 11,
            "quantity": 10
        }
    },
    {
        "pk": 27,
        "model": "stores.item",
        "fields": {
            "name": "Mercedes-Benz GL-Class",
            "price": 105200.00,
            "description": "A large car!",
            "discount": 4,
            "is_out_of_stock": false,
            "store": 11,
            "quantity": 15
        }
    },
    {
        "pk": 28,
        "model": "stores.item",
        "fields": {
            "name": "Mercedes-Benz CL-Class",
            "price": 231777.00,
            "description": "V8 engine",
            "discount": 7,
            "is_out_of_stock": false,
            "store": 11,
            "quantity": 6
        }
    },
    {
        "pk": 29,
        "model": "stores.item",
        "fields": {
            "name": "Mercedes-Benz R-Class",
            "price": 87783.00,
            "description": "Family car",
            "discount": 3,
            "is_out_of_stock": false,
            "store": 11,
            "quantity": 7
        }
    },
    {
        "pk": 30,
        "model": "stores.item",
        "fields": {
            "name": "Mercedes-Benz M-Class",
            "price": 85733.00,
            "description": "5.5L V8 ",
            "discount": 3,
            "is_out_of_stock": false,
            "store": 11,
            "quantity": 56
        }
    },
    {
        "pk": 31,
        "model": "stores.item",
        "fields": {
            "name": "BMW 760Li Sedan",
            "price": 137300.00,
            "description": "Luxury's leading sedan",
            "discount": 15,
            "is_out_of_stock": false,
            "store": 11,
            "quantity": 65
        }
    },
    {
        "pk": 32,
        "model": "stores.item",
        "fields": {
            "name": "Toyota Corolla",
            "price": 20500.00,
            "description": "Just Corolla",
            "discount": 15,
            "is_out_of_stock": false,
            "store": 11,
            "quantity": 24
        }
    },
    {
        "pk": 33,
        "model": "stores.item",
        "fields": {
            "name": "Toyota Verso",
            "price": 23700.00,
            "description": "Family car",
            "discount": 5,
            "is_out_of_stock": false,
            "store": 11,
            "quantity": 15
        }
    },
    {
        "pk": 34,
        "model": "stores.item",
        "fields": {
            "name": "Honda Civic 4D",
            "price": 19500.00,
            "description": "1.8L i-VTEC",
            "discount": 3,
            "is_out_of_stock": false,
            "store": 11,
            "quantity": 653
        }
    },
    {
        "pk": 35,
        "model": "stores.item",
        "fields": {
            "name": "Honda Accord",
            "price": 34600.00,
            "description": "2.4L i-VTEC engine",
            "discount": 3,
            "is_out_of_stock": false,
            "store": 11,
            "quantity": 46342
        }
    },
    {
        "pk": 36,
        "model": "stores.item",
        "fields": {
            "name": "Audi S5 Coup\u00e9",
            "price": 54300.00,
            "description": "2.0T engine",
            "discount": 3,
            "is_out_of_stock": false,
            "store": 11,
            "quantity": 34
        }
    },
    {
        "pk": 37,
        "model": "stores.item",
        "fields": {
            "name": "Audi A3",
            "price": 33700.00,
            "description": "Audi xenon plus headlights with LED daytime running lights",
            "discount": 7,
            "is_out_of_stock": false,
            "store": 11,
            "quantity": 43
        }
    },
    {
        "pk": 38,
        "model": "stores.item",
        "fields": {
            "name": "Audi TT Roadster",
            "price": 56400.00,
            "description": "fast TT",
            "discount": 3,
            "is_out_of_stock": false,
            "store": 11,
            "quantity": 34
        }
    },

    {
        "pk": 1,
        "model": "stores.itemimage",
        "fields": {
            "is_default": true,
            "item": 2,
            "image": "item-images/218918165.jpg"
        }
    },
    {
        "pk": 2,
        "model": "stores.itemimage",
        "fields": {
            "is_default": true,
            "item": 3,
            "image": "item-images/223179793.jpg"
        }
    },
    {
        "pk": 3,
        "model": "stores.itemimage",
        "fields": {
            "is_default": true,
            "item": 4,
            "image": "item-images/220279153.jpg"
        }
    },
    {
        "pk": 4,
        "model": "stores.itemimage",
        "fields": {
            "is_default": true,
            "item": 5,
            "image": "item-images/221031130.jpg"
        }
    },
    {
        "pk": 5,
        "model": "stores.itemimage",
        "fields": {
            "is_default": true,
            "item": 7,
            "image": "item-images/204179756.jpg"
        }
    },
    {
        "pk": 7,
        "model": "stores.itemimage",
        "fields": {
            "is_default": true,
            "item": 6,
            "image": "item-images/33780501.jpg"
        }
    },
    {
        "pk": 8,
        "model": "stores.itemimage",
        "fields": {
            "is_default": false,
            "item": 8,
            "image": "item-images/30500968.jpg"
        }
    },
    {
        "pk": 9,
        "model": "stores.itemimage",
        "fields": {
            "is_default": true,
            "item": 10,
            "image": "item-images/220180058.jpg"
        }
    },
    {
        "pk": 10,
        "model": "stores.itemimage",
        "fields": {
            "is_default": true,
            "item": 9,
            "image": "item-images/220180059_1.jpg"
        }
    },
    {
        "pk": 11,
        "model": "stores.itemimage",
        "fields": {
            "is_default": true,
            "item": 11,
            "image": "item-images/217396460.jpg"
        }
    },
    {
        "pk": 12,
        "model": "stores.itemimage",
        "fields": {
            "is_default": false,
            "item": 12,
            "image": "item-images/209760232.jpg"
        }
    },
    {
        "pk": 13,
        "model": "stores.itemimage",
        "fields": {
            "is_default": true,
            "item": 13,
            "image": "item-images/216798497.jpg"
        }
    },
    {
        "pk": 14,
        "model": "stores.itemimage",
        "fields": {
            "is_default": true,
            "item": 20,
            "image": "item-images/preview_bmw_m1series_coupe_02.jpg"
        }
    },
    {
        "pk": 15,
        "model": "stores.itemimage",
        "fields": {
            "is_default": false,
            "item": 21,
            "image": "item-images/4.jpg"
        }
    },
    {
        "pk": 16,
        "model": "stores.itemimage",
        "fields": {
            "is_default": false,
            "item": 14,
            "image": "item-images/21_big.jpg"
        }
    },
    {
        "pk": 17,
        "model": "stores.itemimage",
        "fields": {
            "is_default": false,
            "item": 14,
            "image": "item-images/20_big.jpg"
        }
    },
    {
        "pk": 18,
        "model": "stores.itemimage",
        "fields": {
            "is_default": false,
            "item": 14,
            "image": "item-images/19_big.jpg"
        }
    },
    {
        "pk": 19,
        "model": "stores.itemimage",
        "fields": {
            "is_default": false,
            "item": 21,
            "image": "item-images/3-1.jpg"
        }
    },
    {
        "pk": 20,
        "model": "stores.itemimage",
        "fields": {
            "is_default": false,
            "item": 14,
            "image": "item-images/14_big.jpg"
        }
    },
    {
        "pk": 21,
        "model": "stores.itemimage",
        "fields": {
            "is_default": false,
            "item": 14,
            "image": "item-images/13_big.jpg"
        }
    },
    {
        "pk": 22,
        "model": "stores.itemimage",
        "fields": {
            "is_default": false,
            "item": 14,
            "image": "item-images/11_big.jpg"
        }
    },
    {
        "pk": 23,
        "model": "stores.itemimage",
        "fields": {
            "is_default": false,
            "item": 14,
            "image": "item-images/10_big_new.jpg"
        }
    },
    {
        "pk": 24,
        "model": "stores.itemimage",
        "fields": {
            "is_default": false,
            "item": 14,
            "image": "item-images/09_big_new.jpg"
        }
    },
    {
        "pk": 25,
        "model": "stores.itemimage",
        "fields": {
            "is_default": false,
            "item": 14,
            "image": "item-images/08_big.jpg"
        }
    },
    {
        "pk": 26,
        "model": "stores.itemimage",
        "fields": {
            "is_default": false,
            "item": 14,
            "image": "item-images/07_big.jpg"
        }
    },
    {
        "pk": 27,
        "model": "stores.itemimage",
        "fields": {
            "is_default": false,
            "item": 14,
            "image": "item-images/06_big.jpg"
        }
    },
    {
        "pk": 28,
        "model": "stores.itemimage",
        "fields": {
            "is_default": false,
            "item": 14,
            "image": "item-images/05_big.jpg"
        }
    },
    {
        "pk": 29,
        "model": "stores.itemimage",
        "fields": {
            "is_default": true,
            "item": 14,
            "image": "item-images/15_big.jpg"
        }
    },
    {
        "pk": 30,
        "model": "stores.itemimage",
        "fields": {
            "is_default": false,
            "item": 15,
            "image": "item-images/BMW_1series_coupe_big_12.jpg"
        }
    },
    {
        "pk": 31,
        "model": "stores.itemimage",
        "fields": {
            "is_default": false,
            "item": 15,
            "image": "item-images/BMW_1series_coupe_big_11.jpg"
        }
    },
    {
        "pk": 32,
        "model": "stores.itemimage",
        "fields": {
            "is_default": false,
            "item": 15,
            "image": "item-images/BMW_1series_coupe_big_10.jpg"
        }
    },
    {
        "pk": 33,
        "model": "stores.itemimage",
        "fields": {
            "is_default": false,
            "item": 15,
            "image": "item-images/BMW_1series_coupe_big_08.jpg"
        }
    },
    {
        "pk": 34,
        "model": "stores.itemimage",
        "fields": {
            "is_default": false,
            "item": 15,
            "image": "item-images/BMW_1series_coupe_big_05.jpg"
        }
    },
    {
        "pk": 35,
        "model": "stores.itemimage",
        "fields": {
            "is_default": false,
            "item": 15,
            "image": "item-images/BMW_1series_coupe_big_02.jpg"
        }
    },
    {
        "pk": 36,
        "model": "stores.itemimage",
        "fields": {
            "is_default": true,
            "item": 15,
            "image": "item-images/BMW_1series_coupe_big_06.jpg"
        }
    },
    {
        "pk": 37,
        "model": "stores.itemimage",
        "fields": {
            "is_default": false,
            "item": 16,
            "image": "item-images/BMW_Z4_02.jpg"
        }
    },
    {
        "pk": 38,
        "model": "stores.itemimage",
        "fields": {
            "is_default": false,
            "item": 21,
            "image": "item-images/2-1.jpg"
        }
    },
    {
        "pk": 39,
        "model": "stores.itemimage",
        "fields": {
            "is_default": true,
            "item": 16,
            "image": "item-images/BMW_Z4_08.jpg"
        }
    },
    {
        "pk": 40,
        "model": "stores.itemimage",
        "fields": {
            "is_default": false,
            "item": 17,
            "image": "item-images/08_612x383_bmw_f10m.jpg"
        }
    },
    {
        "pk": 41,
        "model": "stores.itemimage",
        "fields": {
            "is_default": false,
            "item": 17,
            "image": "item-images/05_612x383_bmw_f10m.jpg"
        }
    },
    {
        "pk": 42,
        "model": "stores.itemimage",
        "fields": {
            "is_default": false,
            "item": 17,
            "image": "item-images/04_612x383_bmw_f10m.jpg"
        }
    },
    {
        "pk": 43,
        "model": "stores.itemimage",
        "fields": {
            "is_default": true,
            "item": 17,
            "image": "item-images/02_612x383_bmw_f10m.jpg"
        }
    },
    {
        "pk": 44,
        "model": "stores.itemimage",
        "fields": {
            "is_default": false,
            "item": 27,
            "image": "item-images/gl-class_x164_gallery_03_740x295_04-2009.jpg"
        }
    },
    {
        "pk": 45,
        "model": "stores.itemimage",
        "fields": {
            "is_default": false,
            "item": 18,
            "image": "item-images/wallpaper_02_1600x1200_07-2010.jpg"
        }
    },
    {
        "pk": 46,
        "model": "stores.itemimage",
        "fields": {
            "is_default": false,
            "item": 18,
            "image": "item-images/wallpaper_03_1600x1200_07-2010.jpg"
        }
    },
    {
        "pk": 47,
        "model": "stores.itemimage",
        "fields": {
            "is_default": false,
            "item": 18,
            "image": "item-images/wallpaper_05_1600x1200_07-2010.jpg"
        }
    },
    {
        "pk": 48,
        "model": "stores.itemimage",
        "fields": {
            "is_default": true,
            "item": 18,
            "image": "item-images/wallpaper_01_1600x1200_07-2010.jpg"
        }
    },
    {
        "pk": 49,
        "model": "stores.itemimage",
        "fields": {
            "is_default": false,
            "item": 19,
            "image": "item-images/wallpaper_01_1600x1200_07-2010_1.jpg"
        }
    },
    {
        "pk": 50,
        "model": "stores.itemimage",
        "fields": {
            "is_default": true,
            "item": 21,
            "image": "item-images/1-1.jpg"
        }
    },
    {
        "pk": 51,
        "model": "stores.itemimage",
        "fields": {
            "is_default": false,
            "item": 19,
            "image": "item-images/wallpaper_03_1600x1200_07-2010_1.jpg"
        }
    },
    {
        "pk": 52,
        "model": "stores.itemimage",
        "fields": {
            "is_default": false,
            "item": 19,
            "image": "item-images/wallpaper_04_1600x1200_08-2010.jpg"
        }
    },
    {
        "pk": 53,
        "model": "stores.itemimage",
        "fields": {
            "is_default": true,
            "item": 19,
            "image": "item-images/wallpaper_02_1600x1200_07-2010_1.jpg"
        }
    },
    {
        "pk": 54,
        "model": "stores.itemimage",
        "fields": {
            "is_default": false,
            "item": 20,
            "image": "item-images/preview_bmw_m1series_coupe_01.jpg"
        }
    },
    {
        "pk": 55,
        "model": "stores.itemimage",
        "fields": {
            "is_default": true,
            "item": 30,
            "image": "item-images/M-Class_Gallery_01_740x295_04-2008.jpg"
        }
    },
    {
        "pk": 56,
        "model": "stores.itemimage",
        "fields": {
            "is_default": false,
            "item": 22,
            "image": "item-images/wallpaper_01_big.jpg"
        }
    },
    {
        "pk": 57,
        "model": "stores.itemimage",
        "fields": {
            "is_default": true,
            "item": 22,
            "image": "item-images/wallpaper_02_big.jpg"
        }
    },
    {
        "pk": 58,
        "model": "stores.itemimage",
        "fields": {
            "is_default": false,
            "item": 23,
            "image": "item-images/704x396_aa7_sb_10004.jpg"
        }
    },
    {
        "pk": 59,
        "model": "stores.itemimage",
        "fields": {
            "is_default": true,
            "item": 27,
            "image": "item-images/gl-class_x164_gallery_01_740x295_04-2009.jpg"
        }
    },
    {
        "pk": 60,
        "model": "stores.itemimage",
        "fields": {
            "is_default": false,
            "item": 23,
            "image": "item-images/704x396_aa7_sb_10008.jpg"
        }
    },
    {
        "pk": 61,
        "model": "stores.itemimage",
        "fields": {
            "is_default": true,
            "item": 23,
            "image": "item-images/704x396_aa7_sb_10001.jpg"
        }
    },
    {
        "pk": 62,
        "model": "stores.itemimage",
        "fields": {
            "is_default": false,
            "item": 24,
            "image": "item-images/ea04da5a.jpg"
        }
    },
    {
        "pk": 63,
        "model": "stores.itemimage",
        "fields": {
            "is_default": true,
            "item": 24,
            "image": "item-images/6ddc5790.jpg"
        }
    },
    {
        "pk": 64,
        "model": "stores.itemimage",
        "fields": {
            "is_default": false,
            "item": 25,
            "image": "item-images/wallpaper_01_1600x1200_07-2010_2.jpg"
        }
    },
    {
        "pk": 65,
        "model": "stores.itemimage",
        "fields": {
            "is_default": false,
            "item": 25,
            "image": "item-images/wallpaper_04_1600x1200_07-2010.jpg"
        }
    },
    {
        "pk": 66,
        "model": "stores.itemimage",
        "fields": {
            "is_default": false,
            "item": 28,
            "image": "item-images/cl-class_c216_gallery_03_740x295_07-2010.jpg"
        }
    },
    {
        "pk": 67,
        "model": "stores.itemimage",
        "fields": {
            "is_default": true,
            "item": 25,
            "image": "item-images/wallpaper_05_1600x1200_07-2010_1.jpg"
        }
    },
    {
        "pk": 68,
        "model": "stores.itemimage",
        "fields": {
            "is_default": false,
            "item": 26,
            "image": "item-images/e-class_a207_gallery_02_740x295_01-2010.jpg"
        }
    },
    {
        "pk": 69,
        "model": "stores.itemimage",
        "fields": {
            "is_default": true,
            "item": 26,
            "image": "item-images/e-class_a207_gallery_01_740x295_01-2010.jpg"
        }
    },
    {
        "pk": 70,
        "model": "stores.itemimage",
        "fields": {
            "is_default": false,
            "item": 27,
            "image": "item-images/gl-class_x164_gallery_04_740x295_04-2009.jpg"
        }
    },
    {
        "pk": 71,
        "model": "stores.itemimage",
        "fields": {
            "is_default": true,
            "item": 28,
            "image": "item-images/cl-class_c216_gallery_01_740x295__07-2010.jpg"
        }
    },
    {
        "pk": 72,
        "model": "stores.itemimage",
        "fields": {
            "is_default": false,
            "item": 32,
            "image": "item-images/t9_cor10_car_gal_001_prev_tcm305-976784.jpg"
        }
    },
    {
        "pk": 73,
        "model": "stores.itemimage",
        "fields": {
            "is_default": true,
            "item": 29,
            "image": "item-images/r-class_wv251_gallery_01_740x295_05-2010.jpg"
        }
    },
    {
        "pk": 74,
        "model": "stores.itemimage",
        "fields": {
            "is_default": true,
            "item": 32,
            "image": "item-images/t9_cor10_car_gal_003_prev_tcm305-976790.jpg"
        }
    },
    {
        "pk": 75,
        "model": "stores.itemimage",
        "fields": {
            "is_default": true,
            "item": 31,
            "image": "item-images/760li_758x320.jpg"
        }
    },
    {
        "pk": 76,
        "model": "stores.itemimage",
        "fields": {
            "is_default": false,
            "item": 32,
            "image": "item-images/t9_cor10_car_gal_013_prev_tcm305-976820.jpg"
        }
    },
    {
        "pk": 77,
        "model": "stores.itemimage",
        "fields": {
            "is_default": false,
            "item": 33,
            "image": "item-images/t9_ver10_car_gal_005_prev_tcm305-867281.jpg"
        }
    },
    {
        "pk": 78,
        "model": "stores.itemimage",
        "fields": {
            "is_default": true,
            "item": 33,
            "image": "item-images/t9_ver10_car_gal_003_prev_tcm305-867275.jpg"
        }
    },
    {
        "pk": 79,
        "model": "stores.itemimage",
        "fields": {
            "is_default": false,
            "item": 34,
            "image": "item-images/4_big.jpg"
        }
    },
    {
        "pk": 80,
        "model": "stores.itemimage",
        "fields": {
            "is_default": true,
            "item": 34,
            "image": "item-images/2_small.jpg"
        }
    },
    {
        "pk": 81,
        "model": "stores.itemimage",
        "fields": {
            "is_default": true,
            "item": 35,
            "image": "item-images/1_small.jpg"
        }
    },
    {
        "pk": 82,
        "model": "stores.itemimage",
        "fields": {
            "is_default": false,
            "item": 36,
            "image": "item-images/704x396_as5_c_10008.jpg"
        }
    },
    {
        "pk": 83,
        "model": "stores.itemimage",
        "fields": {
            "is_default": true,
            "item": 36,
            "image": "item-images/704x396_as5_c_10003.jpg"
        }
    },
    {
        "pk": 84,
        "model": "stores.itemimage",
        "fields": {
            "is_default": false,
            "item": 37,
            "image": "item-images/704x396_aa3_10480.jpg"
        }
    },
    {
        "pk": 85,
        "model": "stores.itemimage",
        "fields": {
            "is_default": true,
            "item": 37,
            "image": "item-images/704x396_aa3_10507.jpg"
        }
    },
    {
        "pk": 86,
        "model": "stores.itemimage",
        "fields": {
            "is_default": false,
            "item": 38,
            "image": "item-images/704x396_att_r_10169.jpg"
        }
    },
    {
        "pk": 87,
        "model": "stores.itemimage",
        "fields": {
            "is_default": true,
            "item": 38,
            "image": "item-images/704x396_att_c_10202.jpg"
        }
    }
]
